,price,SMA,ADX,RSI,stochastic_oscillator,ATR,bollinger_band_width,OBV,CMF,z_score,donchian_channel_position
2020-01-01,0.0,0,0,0,0,0,0,0.0,0,0,0
2020-01-02,125.020370483398,,,,,,,0.0,,,
2020-01-03,123.370597839355,,0,0.0,,2.7734265380539966,,-10386800.0,,,
2020-01-06,123.272445678711,86.47233123779293,39.37891253560985,76.46458162350766,96.55841867610236,116.95213487446443,0.7608900667743461,-400736600.0,0.07523747538466305,2.2372271371909496,0.9688740522211639
2020-01-07,121.176765441895,88.79054565429685,43.71549380458457,72.52629419282206,92.45295615134502,104.51430546718093,0.8041330438909282,-221222500.0,0.08686988945937496,1.8143689980491606,0.9317439076372648
2020-01-08,122.122055053711,91.09315338134763,47.11109540689893,79.40943920956933,94.30478975084931,93.87834427571353,0.8340495654337091,-496595300.0,0.06465222837250302,1.6336115590797637,0.9475134612923013
2020-01-09,122.567970275879,,0,26.57603364925606,,12.99983577565067,,-12012800.0,,,
2020-01-10,121.346214294434,,0,21.547133024134766,,13.730924926788065,,-22203700.0,,,
2020-01-13,122.353942871094,98.21634674072267,53.352014296558856,88.08391904360744,94.75906074481553,67.06348097545438,0.8262914969326481,-199893900.0,0.14090590549749313,1.1896985932763637,0.9475906074481553
2020-01-14,123.780815124512,100.31518135070803,54.528643987434634,87.81159570376792,96.56923696076115,62.19237862757884,0.8234223408595555,-270010600.0,0.09458974577793149,1.1363260715725771,0.9660901204050801
2020-01-15,121.925888061523,,70.32322311554547,35.601826608504666,,19.837376307402973,,-1235900.0,,,
2020-01-16,122.398529052734,104.09281616210936,55.58822720008687,87.56022358946228,92.90060430739,54.06307765652048,0.8001353333011137,-85474800.0,0.06574665511200108,0.8791488871912125,0.9392733706635995
2020-01-17,123.245727539063,106.08597183227542,55.49116295690742,87.51172166654192,94.80403144789705,48.52020580360222,0.7786686816430162,-70777100.0,0.05497040052490904,0.8309223205681106,0.9557092664257718
2020-01-21,122.03288269043,108.17321243286135,55.27687139673227,84.74920493221049,90.85458933932078,44.04502475993462,0.7409996687211795,-364319400.0,0.08639530890675448,0.6916321106160869,0.9321797254392236
2020-01-22,121.890190124512,,40.7021800756151,38.33890695603176,20.930114214250423,18.52600404410626,,8222300.0,,,
2020-01-23,121.765350341797,112.69237098693853,52.45320438286103,37.98558412023158,30.132324744376692,37.25454446126782,0.6149235100906207,-191168800.0,0.07520741325025654,0.5237141404323782,0.9261331335744
2020-01-24,118.742164611816,114.84277610778811,48.156382714094676,34.488877343449815,9.833959478540914,37.55807263247806,0.5271243910760589,-111312500.0,0.07877764613589112,0.2576556698477496,0.8540707769868928
2020-01-27,117.743354797363,116.69950485229492,42.210714254732295,32.525418244230494,20.995379621922623,38.94706898389378,0.44349587771841537,-504263800.0,0.09538890416609992,0.08067509086469082,0.823424900822685
2020-01-28,119.883682250977,,43.707659866078494,45.92473722758017,42.71507188789881,27.106790192023787,,-16087500.0,,,
2020-01-29,119.705299377441,120.34685668945315,32.95600745715941,41.99650216959512,40.904871718676766,37.75720802445101,0.21893006562423206,-310481600.0,0.1270090993223164,-0.09739917800252747,0.8476543320596388
2020-01-30,121.185684204102,121.77649650573733,28.97705758162245,45.71585850479597,55.92757435046588,37.15569288852815,0.05559061641844491,-396455400.0,0.07685211415015852,-0.3490957452456769,0.5592757435046588
2020-01-31,118.037643432617,121.4273601531983,25.677241002462523,40.83948841852686,23.981772467698757,38.82740711503664,0.05624382236499324,-124172500.0,0.005808942450466841,-1.9853268472547863,0.23981772467698756
2020-02-03,118.938346862793,121.2057476043702,23.850184382995725,40.48678593361439,33.12196327976308,38.815727601546726,0.05703671093447475,-494242200.0,-0.00601543470525541,-1.3119297708457442,0.3312196327976308
2020-02-04,120.650596618652,121.07465515136725,21.42226047783084,41.41805312103963,62.76685284023035,37.90598930950897,0.05500181289811431,-200017000.0,-0.07571182656175851,-0.2547156049644735,0.5049759321758163
2020-02-05,122.701721191406,121.15090293884279,20.381368149923553,52.10441925975099,91.84136828615434,37.53497951358788,0.05620302904843587,-474934400.0,0.0023937481783193404,0.9110338578858157,0.713120692661764
2020-02-06,122.71955871582,121.18077812194824,20.590222351387787,50.892809402442715,92.07449032509435,35.43720132138992,0.05691154326635201,-275896700.0,-0.018053243927101007,0.8924884256183323,0.7149308154091262
2020-02-07,122.327156066895,121.16873741149902,28.12448447564023,47.379078516407155,86.9462700099427,29.10475731835751,0.05662300501569648,2791600.0,0.0025489759058898117,0.675370423678406,0.6751104376224759
2020-02-10,122.835525512695,121.24320297241209,20.006697514021017,52.386069512722926,93.59026075964486,30.357696257119958,0.05784178699327871,-86270400.0,0.05221566752531684,0.9082218196618759,0.7266989359223821
2020-02-11,123.067359924316,121.27887382507318,19.854307749233612,53.481001520597864,90.9988258118898,28.049787028858425,0.05878947736003736,-79691800.0,-0.019324120113157896,1.0033692923015805,0.750225112108971
2020-02-12,123.067359924316,121.24320106506339,22.158035809646552,53.8788026730687,86.53450266867885,24.069319995576702,0.0573608240554712,15330900.0,-0.015674937111689102,1.049179683191766,0.8653450266867885
2020-02-13,122.96036529541,121.29492492675774,21.410817715931564,65.20898573751836,85.28213130883829,25.734912329364878,0.058476847682310124,-277184700.0,0.04812724634209599,0.9392095407317583,0.8528213130883829
2020-02-14,122.585777282715,121.30428733825681,18.6228557615191,68.28261949121465,76.59834177382892,23.171604213081203,0.05867959245467183,1255800.0,0.05610343055238275,0.7201317424549493,0.8089758132127789
2020-02-18,120.962738037109,121.19013786315911,17.80470079572601,54.23958762985152,53.32501621767418,24.88670452702787,0.05689144539585053,-482854100.0,-0.033498873337740744,-0.13192766389928237,0.6189991865467755
2020-02-19,122.61255645752,121.21912155151358,17.579287468141175,60.23870426895078,76.98233769693998,26.113590815839135,0.05749488579356666,-475782900.0,0.006869903304663327,0.7997354155870897,0.8121103136927434
2020-02-20,122.61255645752,121.255239868164,16.255831234989525,55.61009645179567,76.98233769693998,26.425545295886085,0.05816715827024837,-475782900.0,0.025716556999512464,0.7697731990596086,0.8121103136927434
2020-02-21,121.114334106445,121.22268905639639,15.937464143905203,63.900060526761756,47.511410657822985,26.592620499058444,0.05806028506037631,-485555700.0,-0.020720598568927308,-0.06158084866970517,0.636743495531445
2020-02-24,117.859321594238,121.17854690551749,18.994087760238042,45.98023399511688,16.018930160640522,29.52541117282852,0.06043514056420348,-404151400.0,0.038353442022754355,-1.812931721227368,0.2557445156861756
2020-02-25,112.597717285156,120.92126502990713,25.005769321269458,26.27437564146433,4.890553908855979,35.52835535868766,0.0835367971085764,-234903200.0,-0.07943661182211978,-3.296005779026436,0.04890553908855979
2020-02-26,112.936599731445,120.57391090393051,31.686100616929764,18.00126601519146,7.664287647203961,38.531578723887,0.10166086752449054,-115054900.0,-0.20549015772259105,-2.4922598311375426,0.07664287647203961
2020-02-27,108.236862182617,120.00048904418934,37.80377785852075,13.68523309619269,0.38910380903922714,40.21340856320128,0.13594969470725551,-233083100.0,-0.2773554778405673,-2.8842970055914705,0.0038910380903922712
2020-02-28,103.546020507813,119.11850585937489,44.21616226390164,11.258347767596462,12.955305219496688,46.86333749931983,0.18183989993534133,-564082600.0,-0.234462826589296,-2.8757392257251224,0.12955305219496688
2020-03-02,108.370620727539,118.63515472412101,49.42498040048326,24.67200885757812,33.27075702133807,53.96992416384366,0.19892174771391125,-156636400.0,-0.0989662587441477,-1.739816965698108,0.3327075702133807
2020-03-03,104.304054260254,117.90344009399405,50.853519263820125,21.035259256468322,16.147237703129257,58.41524349831389,0.22640763754704404,-189184100.0,-0.17576857196166656,-2.0378008401652288,0.16147237703129255
2020-03-04,106.881324768066,117.21497650146473,51.10724370763193,26.855388506503132,27.94401797816483,60.82070553224601,0.24072132765404408,-258410900.0,-0.07111828838686031,-1.4649275185811381,0.26999621817296376
2020-03-05,101.637588500977,116.16176986694332,51.90862266147017,23.415595279064874,5.385506381062245,63.47189622473737,0.26512000395915153,-188413800.0,-0.11580967041025848,-1.8864527710317416,0.052040429104298125
2020-03-06,96.3849334716797,114.8450386047363,53.63275784043094,20.87629342461021,9.169927044138644,68.73009579289831,0.3015318455986077,-226573200.0,-0.08548194312832334,-2.132302113619537,0.08929109422900416
2020-03-09,83.3290939331055,112.89513549804681,56.7599539356061,16.64558539510763,0.9693819084465628,80.12184599424796,0.3848989309275777,-361947900.0,-0.17236366138835904,-2.7216435176318075,0.009505348210456918
2020-03-10,89.8034820556641,111.24353332519527,59.954553252011756,23.212427422503453,16.975250865869654,88.56392474565608,0.42087412640192623,-425867900.0,-0.11075729204170912,-1.831718823506083,0.16634210644197836
2020-03-11,85.5764083862305,109.368985748291,61.42987161591895,21.71363422779261,6.739526140385645,88.34051702315291,0.4618115310495449,-463994900.0,-0.1363008744093388,-1.8842673553970681,0.0639447032325776
2020-03-12,78.522331237793,107.14173431396485,63.021562424152684,20.015043452955013,3.6902783511482524,90.75257498338925,0.5182172730150442,-323674700.0,-0.18186682351594527,-2.0618164768992653,0.033224568362469724
2020-03-13,92.6661605834961,105.62702407836915,63.71280421767081,34.62164449940228,38.314108621821106,101.27702536619545,0.5197103171499521,-665222200.0,-0.1046168490151739,-0.9444034073625179,0.3378145395749632
2020-03-16,78.7987976074219,103.43767509460449,61.043929038934586,31.330042094612466,8.581080907000151,117.7904875948774,0.5538936990177662,-703811900.0,-0.11001182671234687,-1.7201872885144902,0.07076521584454208
2020-03-17,83.6144638061523,101.57026138305665,59.39501133536859,34.56626439933706,22.425091472585652,126.46053344121393,0.5651819749905458,-288481300.0,-0.08027512892705449,-1.2511512649196164,0.17106214442815532
2020-03-18,74.8124771118164,99.18025741577148,56.88081650078758,33.1353329745082,8.288329004592478,129.22121201255365,0.5898634784686536,-615075000.0,-0.09922897478173721,-1.6660929362587162,0.060862056425748205
2020-03-19,76.0699005126953,96.85312461853023,56.08352600387481,35.639029396414,18.22328186410115,132.5048425928118,0.5952688358570487,-297831800.0,-0.07056603822470102,-1.4419364797009957,0.13981003225114808
2020-03-20,74.4646835327148,94.52064208984373,55.662367273222785,31.661184013701188,14.313661331847847,129.7509741061952,0.5953846806995126,-613050700.0,-0.09941376506119827,-1.4255389750482519,0.11707243631436598
2020-03-23,70.4783706665039,92.15159454345704,54.89141290614769,31.68869425554618,4.898358521606984,122.70475160535521,0.604573757158828,-550564600.0,-0.13167601579551136,-1.5560779986419357,0.03832266483916052
2020-03-24,78.8612060546875,90.46476898193359,53.83546237452415,35.72854519450311,29.14978506535005,120.36068347471421,0.5916973783512758,-516201400.0,-0.07794638830659535,-0.8671060763911045,0.22136808134329183
2020-03-25,81.8041229248047,88.90814514160158,49.3262797517079,39.65580193984234,44.357967067497945,122.40927870310304,0.5604031673511232,-573112400.0,-0.02969620321237129,-0.5703246876031337,0.3042495063508042
2020-03-26,87.5026779174805,87.87143592834475,43.16094567765665,45.38888265297191,78.32348657283386,120.43270086720773,0.5298824231843028,-258218000.0,0.03688514434510808,-0.031679200887843866,0.4606862728461427
2020-03-27,81.26904296875,86.75758705139161,37.55402207148712,48.849021394310085,52.51105203096229,116.25750679050502,0.5137250830559451,-383282200.0,-0.006292788834175282,-0.49258242484900033,0.30886164421291823
2020-03-30,83.3826141357422,85.50818672180176,33.384164497163376,46.228807103641955,61.262994973768706,110.7827873939053,0.46733550042488126,-361625300.0,-0.021811239468260975,-0.21276464438961853,0.36033917861422815
2020-03-31,80.2880706787109,84.30738754272463,30.201036127858952,46.85210245402786,48.44901066468352,103.7958130573559,0.4297976488249948,-480027300.0,-0.008965779409974587,-0.44369299209676055,0.3031421225690835
2020-04-01,75.2316131591797,82.7249019622803,28.203080843496792,47.99347224050736,27.51106999120312,99.54344847142185,0.36886923431470453,-603079600.0,-0.055977460890628286,-0.9822539122632266,0.1885120802332664
2020-04-02,78.0407562255859,81.54506034851075,28.221229828252223,39.651684222629676,48.938116304872985,95.85967236286679,0.31030248776574415,-293993500.0,-0.015964275957246265,-0.5539605847620528,0.31727009129522243
2020-04-03,75.7340621948242,80.51251678466798,27.417939673049254,47.407378722486904,36.99636951687656,90.99757452306777,0.2704267987163622,-410215600.0,-0.04002960078287124,-0.8778783218734272,0.2959162699363739
2020-04-06,80.6087799072266,80.37650108337402,25.73365433960467,47.45987134328732,62.23276576542814,88.65638611295286,0.26898202554142553,-383394800.0,0.01574791128097003,0.04297513535563891,0.4977701367354143
2020-04-07,81.6720352172852,79.96992874145508,22.769814378220847,56.66944196602765,67.73723472159901,86.79153288057064,0.24853253545629342,-550876400.0,-0.055407455689499854,0.34256008360039897,0.5417977519517563
2020-04-08,84.9699096679688,79.93960380554199,21.761582015393753,58.323097207992234,83.93512671899731,82.92886088812232,0.24699731773885372,-147882300.0,0.0004123935955808952,1.0190609394779593,0.6783571897207543
2020-04-09,92.592887878418,80.64313163757325,22.151000525906465,65.23801339554839,93.98594294952474,84.20908507511416,0.2796038383417725,-485917200.0,0.09383111275311712,2.119866560230044,0.9423438280410359
2020-04-13,88.4750366210938,80.43357543945312,25.43534134425346,65.09406809258577,72.25029278066293,86.28630314444966,0.26112759709194655,-607851800.0,0.0014799536471969631,1.5314570250456712,0.7806936966078705
2020-04-14,86.0511856079102,86.59255752563477,27.870087529105973,53.06375021617573,33.51042967678192,48.062006519313435,0.11496628584719945,-469081100.0,-0.21724362169831837,-0.21752273119345822,0.33510429676781917
2020-04-15,81.8072052001953,86.27088012695313,25.16192482126621,45.49449171285731,5.084777802803115,53.274699933725586,0.12354347319063883,-499199700.0,-0.20160157554237243,-1.6752071389123677,0.05084777802803115
2020-04-16,78.6895217895508,85.94064140319826,26.00807780095394,39.804740388813016,1.743453561011336,53.798880007977665,0.14583085998445708,-577879800.0,-0.21801026049403163,-2.3142860261341376,0.01743453561011336
2020-04-17,85.7628479003906,85.81539497375489,26.59673498240901,48.96586091679441,50.62269872926854,57.05895002220712,0.14390902953685178,-455226900.0,-0.21420949530958264,-0.017019832195762006,0.5062269872926854
2020-04-20,82.6361694335938,85.77574882507324,23.181540410266155,47.94994626817359,29.016218136402777,60.4549601901103,0.14562067696264608,-525136800.0,-0.18819509086716735,-1.0054116128536674,0.29016218136402777
2020-04-21,80.2393569946289,85.59779052734375,21.0431341215515,43.297933094163966,12.453376131005065,59.12177437478587,0.1553845243865076,-594402300.0,-0.1994813857338227,-1.6114896547159634,0.12453376131005066
2020-04-22,80.5006408691406,85.38513984680176,20.36867539170847,46.14926702254831,14.258942332907887,56.34645342196962,0.16412867014874633,-577739900.0,-0.2440042908574262,-1.3941620913523793,0.14258942332907887
2020-04-23,80.5457000732422,85.21078453063966,19.365678701636448,37.68842452218842,14.570317752315404,52.76405097358059,0.17134909232851941,-561101100.0,-0.24300253382903514,-1.2780361254942387,0.14570317752315404
2020-04-24,81.735107421875,85.08225173950196,18.714418340745702,37.543939367615124,22.789553298327405,49.53742681952041,0.17509221976760186,-499061400.0,-0.19868569411197604,-0.8987286895430797,0.22789553298327406
2020-04-27,85.2582550048828,85.02342529296875,17.60890159276298,43.50837645222544,47.13577907319769,49.330388886767835,0.17462258192264332,-476191200.0,-0.20233505323000303,0.06326653276205989,0.4713577907319769
2020-04-28,85.861946105957,85.11670150756837,18.362813991798344,42.078069972997596,51.30750322007118,50.021373859219295,0.1742647664168923,-409721800.0,-0.20290073707184658,0.20097149097742975,0.5130750322007118
2020-04-29,88.1776809692383,82.72953491210939,16.747326707354215,53.813193089964315,62.34135867677245,57.59421755417065,0.207485155239882,-620411700.0,-0.1715502598251455,1.2695830638295575,0.7069538392929132
2020-04-30,86.2854461669922,83.28222656250001,19.085242150702786,41.31941520509587,54.23404202059224,56.12350816254323,0.19170290946525548,-639539300.0,-0.15410857123552757,0.7524299080639256,0.6127120667611792
2020-05-01,84.0237884521484,83.58137817382814,18.144795027702624,43.54415302984418,41.471501221044875,54.69384228730391,0.18220669993525693,-658087000.0,-0.17818029879002642,0.11620139161745986,0.4847354223434438
2020-05-04,83.0236129760742,84.97350883483888,18.59767594029449,45.41982953081723,41.04833890692473,47.78420286951746,0.1718567725777338,-627582400.0,-0.242658461307626,-0.5340983109854364,0.31693593335142056
2020-05-05,82.8974761962891,84.65061378479005,17.410745208321664,51.884128670915715,39.91940984075101,45.33286111946118,0.16692885925362574,-460724500.0,-0.2875290122510558,-0.49626592433378397,0.3082194250394373
2020-05-06,81.3386383056641,84.18062934875489,15.634479751804543,54.83871327364722,17.445963649608704,43.57095060940753,0.15726742153399198,-666624500.0,-0.31478744618267357,-0.8586808183155373,0.20049808116323667
2020-05-07,82.1856460571289,83.74025726318361,15.463653412736592,41.542404414600455,25.89932951099394,42.31550025564202,0.14039542456181892,-649852600.0,-0.3354712024082267,-0.5289255422018738,0.2590293843924424
2020-05-08,83.528205871582,83.45117340087891,11.689219753892923,52.30336735558253,39.29843864870664,43.96908578173033,0.12687527205644497,-675595300.0,-0.31558162342561913,0.029102103747534015,0.35180512991212903
2020-05-11,81.0683212280273,83.08083763122559,13.822228354925603,52.13355629632179,13.503644702011059,41.03232077143769,0.11685922822042813,-615041900.0,-0.2910540510451739,-0.8291546485445892,0.19531771897307296
2020-05-12,78.4192199707031,82.69923934936523,15.635507858210843,45.22930184017839,1.0358366142228614,41.70469556820367,0.1222766856773231,-643004800.0,-0.3041224173014999,-1.6930140142031018,0.010358366142228613
2020-05-13,75.7160415649414,82.39468116760254,19.14547929067504,40.132581266349284,3.9252224098292223,42.48533245048601,0.1431656707074966,-724686900.0,-0.3303505898701559,-2.26469608840702,0.039252224098292224
2020-05-14,78.860725402832,82.4032413482666,23.132670185734998,44.561868951132645,30.02931160181263,44.81495961243524,0.14263927454779401,-550842900.0,-0.20568999694671244,-1.2055587751974028,0.3002931160181263
2020-05-15,77.401008605957,81.98514938354492,25.22394343443239,33.875692535846724,20.527838137087702,45.41936685895998,0.14755572514197612,-576941900.0,-0.2835292373734432,-1.5157468713848832,0.205278381370877
2020-05-18,81.5008316040039,81.92838249206542,25.555288996396445,42.173367267636856,47.21408269452937,45.75065500960265,0.147555534060103,-500207000.0,-0.21915378007936165,-0.14146790468960896,0.4721408269452937
2020-05-19,79.8969345092773,81.91126136779785,22.218120784387562,34.749385970335325,43.421011830875166,46.19274540999034,0.14809774243721058,-704726300.0,-0.2347193174298018,-0.6641984882679797,0.36774122204714416
2020-05-20,82.2937774658203,82.00091819763183,19.51506769444155,42.7827070573304,75.61399640805757,45.36517085708889,0.14712765369189756,-591712900.0,-0.20253934111508748,0.09709702858590305,0.5237546336860341
2020-05-21,81.2485275268555,82.03605957031249,17.817177590168246,44.751199294232435,65.79161442699434,44.111642874896646,0.14642619612386765,-652564800.0,-0.18820665092260203,-0.26224345184336617,0.45571804891602363
2020-05-22,80.617790222168,81.98019371032714,15.685667707573883,45.38542587378618,59.864474414450875,41.26147819437573,0.14727894380674003,-619892200.0,-0.21643536343437123,-0.4513527958810612,0.41466259366244135
2020-05-26,86.3395309448242,82.03425750732421,15.596023899650763,55.43540777997601,88.87417526230517,44.185204498207206,0.15045684729956693,-578658300.0,-0.20508527845903385,1.395254789720425,0.7870976287647292
2020-05-27,91.3404006958008,82.30818023681641,19.609989578363997,64.24537649079471,94.00396775902185,50.90831621932987,0.17551749652539442,-493025800.0,-0.13271939317658227,2.500869931590985,0.9400396775902184
2020-05-28,89.9797973632813,82.39828605651856,24.668460178819913,60.94103656333259,84.96351411127668,52.75026152799866,0.1832901276560662,-610200700.0,-0.14976157417510721,2.007976040736019,0.8496351411127668
2020-05-29,87.6820983886719,82.46811866760254,28.230213274179214,55.6787462887199,72.5547630981022,51.229191733338055,0.18717266915315575,-682957600.0,-0.17946567507325478,1.3511414216684405,0.725547630981022
2020-06-01,88.8444595336914,82.70915222167967,28.93569979874697,61.02169618591969,78.83210847507324,48.731464332951695,0.19790285441944222,-667780800.0,-0.194384538021089,1.499307401175979,0.7883210847507324
2020-06-02,89.1418151855469,83.01506233215332,29.847994099239777,66.2834832652612,80.43798125780462,46.10281579716245,0.2084518545939604,-461663800.0,-0.21422531479078663,1.4162101130240021,0.8043798125780462
2020-06-03,93.9534759521484,83.56786231994629,31.74265767154078,76.02875686783422,97.11366994575526,47.232645016280415,0.23639752466025934,-574414200.0,-0.1445331740745477,2.102857944236686,0.9711366994575527
2020-06-04,95.9087677001953,84.29636878967284,35.1820365422047,75.18632293510728,99.20226086656919,49.1799797081019,0.2651673162685358,-455168500.0,-0.06436540087113536,2.078036049829299,0.9929781813734009
2020-06-05,100.22484588623,85.19832878112791,38.86661781001248,81.09496774676356,83.7217834421853,54.169098292943396,0.30742660674131744,-597859500.0,-0.08269151422555635,2.294805034432412,0.8639498146149157
2020-06-08,102.22518157959,86.1331775665283,44.39040510910276,79.94785660389684,91.46427217702028,57.041857271727785,0.34863620997325834,-434286200.0,-0.05123882834019958,2.1435181372318244,0.9304761138510109
2020-06-09,99.6031188964844,87.05991744995114,47.799392016457624,77.66254790743078,80.66547252012494,55.66134870531623,0.36551793451757547,-497547800.0,-0.030314861561554145,1.5766723321044174,0.8432726873205979
2020-06-10,95.5663604736328,87.91727447509764,47.26399558731843,67.8113378161047,64.1034978417421,55.934613598082606,0.35951419532541173,-522461100.0,-0.023972006352285594,0.9680087342551863,0.709019921810343
2020-06-11,87.5920028686523,88.5110725402832,42.61640117740842,57.17784011113634,31.38637808980996,60.73152916937086,0.33408186691270025,-604950800.0,-0.03168132393128478,-0.12432484289373354,0.4438121859260397
2020-06-12,89.9888076782227,89.06747665405273,39.09850440704037,60.19608917400479,31.347107764557446,63.862929590458755,0.3168987929896519,-487633000.0,-0.07012758426518892,0.13056775990327724,0.4781752562821106
2020-06-15,91.2322769165039,89.75904006958007,36.266578716952814,55.89832724586407,27.03518310493242,63.355216143759804,0.29134857063359265,-557940400.0,-0.010135589691144236,0.22534165135188536,0.47938355539416744
2020-06-16,91.9621353149414,90.28210525512694,33.52759028331537,50.83555931782134,31.10553905073473,65.01950084843915,0.2777570763466264,-397055300.0,-0.05094303570043872,0.2679848445278575,0.49558554205821476
2020-06-17,89.6374053955078,90.76912879943846,28.925401997772518,49.55147691402356,18.14072523176843,64.39303229727274,0.2557944295534533,-412695100.0,-0.04075885784658622,-0.1949714577332417,0.39778236434642683
2020-06-18,89.1508255004883,91.11198120117186,25.191726330353983,52.01982928466549,15.427112052773003,60.46230323966686,0.24092062112895826,-567978500.0,-0.04981185098543118,-0.35737371064576223,0.37781900995121775
2020-06-19,88.1326217651367,91.45618591308593,22.85997543009473,49.01716645788484,9.74867958272262,57.62011447671173,0.22118752188647245,-562119200.0,-0.06693112798176043,-0.6571890947650895,0.33604424238805164
2020-06-22,87.1775054931641,91.78417167663574,21.674977003399366,47.336262486560614,4.42208033432181,54.19115740973907,0.19736690465102008,-532105600.0,-0.08610092804230371,-1.017195923796104,0.1787560964976607
2020-06-23,88.2407531738281,91.87923278808593,20.18569507745414,41.37647403514569,10.351718916430688,50.807200930865314,0.1929678837955746,-609185200.0,-0.1449777608775864,-0.8208759711667494,0.10351718916430687
2020-06-24,85.2942962646484,91.5769275665283,18.248524981160678,34.44267318632795,1.630970336079805,49.764249264818204,0.20351212825841652,-632105000.0,-0.2137445814793743,-1.348420046333312,0.01630970336079805
2020-06-25,88.2677764892578,91.49132652282714,18.270661655284577,31.756887159606677,18.56496479198733,49.49699699673141,0.2056294940686413,-606361400.0,-0.12883067261233364,-0.6853762884311352,0.17201284984704934
2020-06-26,83.4290924072266,91.27867622375486,17.67853785921704,23.608270813457125,3.0055845750077275,51.35379280612015,0.2173517198043297,-509566200.0,-0.1497700816090037,-1.5826111038908899,0.024821054135802673
2020-06-29,83.7985229492188,91.02637939453123,18.47555288223071,26.310052257540434,5.402443075336499,51.34770341049632,0.22849784509761378,-444836000.0,-0.16387575442768906,-1.3900170650904056,0.04206951115094935
2020-06-30,84.7536544799805,90.80697135925291,19.100819827152034,32.14284184294597,15.058479252015363,48.090283561253855,0.23631180492255813,-425699000.0,-0.13989308798718322,-1.1283628832840615,0.08666394306584504
2020-07-01,84.0328063964844,90.31093788146971,19.042215978119692,42.27002414214217,9.210526274618022,45.62914361342821,0.24393796032035095,-490685200.0,-0.2084187141318178,-1.1399102471625457,0.05300804359531429
2020-07-02,84.3057632446289,89.73078765869138,17.89468023676809,36.40302456804378,11.424916309569525,44.34266095699021,0.2451090739140577,-462839600.0,-0.286648312484723,-0.9866447724285817,0.06575221043333862
2020-07-06,86.4347839355469,89.04128456115724,16.942576662325994,38.98836489694908,28.696811974478948,43.11341622167293,0.2236900178284313,-629136300.0,-0.22972763566218127,-0.5234555441196084,0.17691431852176637
2020-07-07,83.9964218139648,88.12984657287598,16.454213978215396,33.046081159374964,11.57134853205322,42.04259364379055,0.18461976120540488,-562432500.0,-0.28542406925040575,-1.0161757551795025,0.06213046282827205
2020-07-08,84.888069152832,87.39409408569335,17.532282310617372,39.23500495791044,25.68809956580248,40.19287472783464,0.14435907121370772,-636131300.0,-0.2527871691958548,-0.7945463094783618,0.11935039658229143
2020-07-09,83.050178527832,86.76828498840332,19.051173844533142,36.97026323971183,5.65025269162215,38.99603525015994,0.12335866760708106,-661732100.0,-0.24242005107108003,-1.3894762524414337,0.03602266137528312
2020-07-10,87.5902709960938,86.7681983947754,19.7924751260397,48.99312451647696,66.74561105798998,41.50005278295407,0.12335756310488062,-540316900.0,-0.14119546953223047,0.30721598123034555,0.3955281661698247
2020-07-13,88.8458633422852,86.71105117797852,18.387313182087865,53.063135827433975,80.91878660061086,43.24648091180198,0.12077203573726224,-508237700.0,-0.16119767789592232,0.8154152363560409,0.494951771171094
2020-07-14,89.3553771972656,86.6172061920166,19.548471205422604,52.08894547259788,81.02511889778525,42.868967682104305,0.11473730645430562,-373045000.0,-0.20089098078092876,1.1020764871959556,0.535297433052441
2020-07-15,90.7383270263672,86.55601577758789,21.42737068286588,60.837946604324806,85.15701644108043,42.562302275724335,0.10926230110647513,-350536600.0,-0.20291115276183144,1.7689222361375416,0.8309773476000014
2020-07-16,90.9930877685547,86.62379989624023,23.945612127462603,56.08413123840959,87.8212043871848,41.7305323660706,0.11400201269372447,-426110700.0,-0.1727499270072358,1.7697865937266395,0.878212043871848
2020-07-17,89.3098831176758,86.6317527770996,25.690194528812224,65.28160684597064,70.21891015930105,40.0027816097946,0.11437799053755225,-303556900.0,-0.1940468017846205,1.0811156080572142,0.7021891015930105
2020-07-20,88.5274124145508,86.65149230957032,25.891497971469562,62.03007825252192,62.036138365084916,37.15932435442156,0.11497131967454524,-318015000.0,-0.19537825682957194,0.7531973205770879,0.6203613836508491
2020-07-21,90.4471817016602,92.06386451721191,22.557371656411014,43.960366861880566,26.35057367723348,32.37293693682846,0.07446520309047011,-341324900.0,-0.023339908877067522,-0.943283491683243,0.4182295086731707
2020-07-22,89.7920989990234,92.10025749206544,21.95045227729745,39.34664068848766,17.52625855251728,32.602256723108695,0.07194669208102135,-396704100.0,-0.05941082533381651,-1.3933298550319058,0.1752625855251728
2020-07-23,90.0559463500977,92.05571975708008,21.539378984537645,43.38563740261464,21.080423792004826,31.563380542298006,0.07380041537740255,-342725900.0,-0.07496383190445319,-1.1774194235644373,0.21080423792004827
2020-07-24,89.4190673828125,92.02617034912109,20.916246405145337,43.10462026323821,12.501322739562124,30.073505177089352,0.07556289226805347,-478794100.0,-0.05828740504490608,-1.4996788029053465,0.12501322739562123
2020-07-27,88.1634826660156,91.8553279876709,20.38721763224172,36.06199167415257,7.892572970216599,29.42192131779273,0.08409222337104517,-490753200.0,-0.07431603895651392,-1.911803713368482,0.07892572970216599
2020-07-28,88.5456085205078,91.60946846008301,21.675891734710017,37.71376169184929,12.433402706778663,28.416222673566143,0.08827325972246898,-478998900.0,-0.11606604030051532,-1.5155119734680829,0.12433402706778664
2020-07-29,90.6928482055664,91.49760131835937,21.196080914831594,47.56941251287886,37.949210388510046,28.1417512023949,0.08775488992176109,-425147400.0,-0.0761312074108917,-0.40090513773254605,0.37949210388510046
2020-07-30,88.2726593017578,88.17121658325196,22.544458712917386,52.1942861516749,18.51135289952628,30.964416336035466,0.10638707735615441,-316658200.0,-0.026221246331917764,0.043257872775881175,0.5937203020419664
2020-07-31,87.9269104003906,90.97691078186035,17.865343182375273,42.05187127188241,13.668642785282817,30.42159673307237,0.09358333935313916,-454517200.0,-0.01150090446727347,-1.4329471104086111,0.13668642785282817
2020-08-03,87.4356155395508,90.74717750549317,17.707613088163118,30.636238594511696,8.35872115884277,29.291187520399518,0.0990463957972021,-508588000.0,0.0033963473646288355,-1.4737406900327465,0.08358721158842769
2020-08-04,86.9351959228516,90.42355194091797,16.882702722249796,26.451131946933756,6.0304377502763895,27.682881658321087,0.10200385286657436,-398630200.0,-0.052141493368923965,-1.512803967200974,0.050052152391999914
2020-08-05,88.4455413818359,90.18508605957031,15.878934114902467,36.67676093226956,31.934712267664988,27.43015437311695,0.09983230154215018,-465585300.0,-0.046024023133565496,-0.7728403192879669,0.20983391528788656
2020-08-06,88.4728240966797,90.0264965057373,15.835409964797067,41.01071120005704,43.333343504575794,27.537836782454196,0.10015541586044463,-455103200.0,-0.015215228484148887,-0.6892466386478365,0.2127201955414524
2020-08-07,90.4198837280273,89.93908920288087,16.370118771689057,56.52447236075137,85.29413222735735,27.728156295839618,0.09796549961365011,-440359500.0,0.06506884663865986,0.21827191668941134,0.41870262062806346
2020-08-10,91.5662994384766,89.95491752624511,19.105253308670196,54.075590909974906,80.02858078293188,28.804069016339135,0.09841398842775556,-507585600.0,0.07991151656309653,0.7280760297956937,0.5399836971774752
2020-08-11,94.4595794677734,89.53097267150879,28.225225592357056,64.61536991380459,78.9757365416881,32.444026184871475,0.07532119748613424,-270527000.0,-0.07959154422124412,2.923436360145975,0.7897573654168809
2020-08-12,93.6589126586914,89.87085037231445,29.029934277347845,60.91508180625541,69.38599088047722,36.64108157104711,0.09043245131338817,-330875800.0,-0.08891651159327396,1.8643779093947077,0.6938599088047722
2020-08-13,93.1403045654297,89.78436279296875,35.17317702507189,61.354747692966825,64.38599785199075,37.39766855664357,0.09022709388072787,-303366400.0,-0.11049326464677836,1.657054277271119,0.6438599785199075
2020-08-14,93.1766891479492,89.97770309448242,32.165875100934244,66.5266248050156,64.73678809476876,35.20187193207654,0.09563996792642428,-332340000.0,-0.05668880554555631,1.4869556441251337,0.6473678809476875
2020-08-17,90.7201309204102,90.08733901977538,36.24937632267414,56.306073295139775,41.05267253360284,34.75668315436174,0.09459415913633522,-306220000.0,-0.05446162342599319,0.29702487588980875,0.41052672533602835
2020-08-18,89.4554672241211,90.03775329589844,28.6283759030638,46.21802297924251,28.859824510240927,33.86934868448354,0.09476118851056403,-483898500.0,-0.1190633308785174,-0.2729865466665573,0.2885982451024093
2020-08-19,89.6647186279297,90.03138427734375,24.945990197194988,54.91963994900806,30.8772545770642,32.7812764700616,0.09480849892872886,-511473500.0,-0.15185092814572723,-0.17182605479528604,0.308772545770642
2020-08-20,88.5911026000977,89.95814208984375,22.116994403139863,52.23245172470944,20.526331164608948,31.775508620529326,0.09590463572551544,-525146100.0,-0.17527619892243007,-0.6338127540271954,0.20526331164608946
2020-08-21,88.5456085205078,89.9144691467285,20.610948351301573,53.84611724274662,20.087714637519532,30.359800666795284,0.09680672729572785,-496266400.0,-0.17024570342243472,-0.6290484550770088,0.20087714637519533
2020-08-24,91.0385818481445,90.05822410583497,18.45554158951588,62.49310699019708,40.52288766611476,30.184139131493538,0.09551493383074035,-437260100.0,-0.11319850546969072,0.4558793459129985,0.4412291466687219
2020-08-25,91.4389190673828,90.20288963317871,20.258494333843885,59.77423604371001,40.040618837964615,30.52803280620633,0.09494830863821273,-300287200.0,-0.13583735595584173,0.5772728349414514,0.4798263712636152
2020-08-26,90.1560287475586,90.17604866027833,19.339198140052364,55.079624631670164,25.633222892374576,29.417449636073293,0.09484582373181663,-394555600.0,-0.21551149288037175,-0.009362951137495721,0.3561406297802695
2020-08-27,93.1220932006836,90.41852035522462,19.9159384137051,57.68231685891417,57.63226180459926,29.911005875920495,0.09657774748956695,-495715700.0,-0.1570472284018405,1.2384075735380977,0.6421041883972144
2020-08-28,93.5042343139648,90.69738655090332,22.430276301967478,55.75980208751396,61.99372826545505,30.184491787843402,0.09716470676657343,-481959000.0,-0.17359021633286628,1.2740179064492454,0.6789470939964507
2020-08-31,91.1568603515625,90.88344879150391,24.041493821459465,39.85465876589322,35.20259678997329,29.7450650694069,0.09124307972823788,-331746400.0,-0.1819633709395302,0.13188400575545373,0.45263258792221905
2020-09-01,91.1113586425781,91.09225692749024,22.459521919998966,41.79365646570291,50.91461953480149,29.635873142418887,0.08188520968150668,-343342000.0,-0.1810495959468455,0.010243430531732226,0.4126974760022406
2020-09-02,92.4852294921875,91.29424133300782,20.29508069164934,48.000029814840474,74.50112544361573,29.264882370987156,0.07817348154123052,-369974300.0,-0.14972186215834932,0.6675204834937217,0.5166847021414351
2020-09-03,92.1940841674805,91.48030433654785,20.49032987573074,47.04601981491534,55.31147193393342,31.20204827733127,0.07305136770950166,-393255500.0,-0.1904301974396226,0.42723646320496617,0.48328424147433285
2020-09-04,94.1866149902344,91.6686408996582,24.09635438850055,60.720297213084606,79.90484462216973,34.132544470807765,0.0764020861344582,-284714000.0,-0.21562317579284865,1.438087259927088,0.6978189951855932
2020-09-08,90.9111785888672,91.63588485717773,25.33059749163765,54.003908996020954,37.09848772237987,36.42986114537229,0.07676634569144197,-306822600.0,-0.24519024044767032,-0.4120838210009277,0.3239857301237215
2020-09-09,91.7755584716797,91.50168380737304,22.92032002658193,55.60387397116884,48.3949835863282,36.78741210306278,0.07152602011393136,-498928600.0,-0.1733998190111609,0.16738583499209683,0.42263944042342855
2020-09-10,90.8293304443359,91.36020469665527,22.799869644297125,55.98252933156193,34.94587502410072,36.0636974439521,0.06848907119131101,-309311400.0,-0.1896554227830823,-0.3393698942470236,0.36028822353536116
2020-09-11,91.95751953125,91.30106544494629,21.89167982908513,58.62069896121202,46.85500168754945,35.041871139278946,0.06648497577373111,-418851100.0,-0.15353693703025337,0.43257855638775883,0.5077301481739679
2020-09-14,93.2312850952148,91.30379524230958,22.518217894781138,55.90393214757012,55.87768690463939,33.8845704169248,0.06663267458880105,-317617700.0,-0.14893198807476837,1.2672900222341703,0.674197319739198
2020-09-15,90.3288955688477,91.28423347473145,23.70983612906948,47.366105743903766,4.509005910498787,34.61148606859882,0.06707922786712227,-341300700.0,-0.17255622933720396,-0.6240698095652762,0.2948868807515173
2020-09-16,90.7110290527344,91.34701156616211,21.301320821748334,51.37572795667576,14.573574832425123,35.1342906303166,0.06478228127070196,-322030100.0,-0.15071074143452942,-0.42988726998295596,0.34482753076012834
2020-09-17,89.6738204956055,91.3474666595459,18.824718843687105,40.54868689707555,11.33333102546003,34.107227345491665,0.06475935202800706,-340320200.0,-0.11400859281914578,-1.131682592353519,0.20927576227687097
2020-09-18,89.4827346801758,91.39204826354981,17.743252599113852,38.86087644525908,11.71164779074235,32.95519444395444,0.06157299250180727,-442657800.0,-0.11551155176628271,-1.3571835329881596,0.1704942735430287
2020-09-21,86.7168426513672,91.30060997009278,18.45273073741223,37.98030293266718,13.081648876451174,34.26894088985645,0.0714346089748693,-553252600.0,-0.06615748221413625,-2.811254763751289,0.13081648876451174
2020-09-22,85.7706069946289,91.03721122741698,22.061090968973506,36.214206856513194,5.199298832233972,35.18596095213212,0.08912808456194159,-572509600.0,-0.13065707382553574,-2.5963136494253756,0.05199298832233972
2020-09-23,84.378547668457,90.6841926574707,25.502878767924123,29.09429102200312,0.6374045346785058,34.46763869423996,0.10982182156144682,-510246300.0,-0.16584727945375705,-2.532615576679139,0.006374045346785057
2020-09-24,84.3057632446289,90.39167938232421,29.378920181303208,29.42569164863812,9.255289262084753,34.648928956674325,0.126204644649143,-446396800.0,-0.13923115491151977,-2.133939789658426,0.09255289262084754
2020-09-25,85.042724609375,89.98771095275879,33.431717307739994,24.479435054907626,17.1451969167419,34.02603504896731,0.1335610885269795,-433103700.0,-0.16651545348436886,-1.6457426845387653,0.15112051875999538
2020-09-28,87.4901962280273,89.68700904846192,34.746734380870144,39.98939095793469,39.56954204409847,34.04979370480767,0.13103061365389293,-576641600.0,-0.15313819765546968,-0.7477401998425139,0.3456254271642359
2020-09-29,86.7532272338867,89.46682739257812,30.834620172622348,35.193051956026636,32.86425373294899,33.947448295216546,0.13342053557938904,-589489800.0,-0.11482483470441439,-0.9093291862897465,0.2870571947035815
2020-09-30,87.5902709960938,89.2907730102539,27.103358972143045,40.388655557306556,40.4800690511944,32.5821723325851,0.13375754172923543,-531981200.0,-0.11776974550754624,-0.5695243286341991,0.3535785463947133
2020-10-01,88.2271728515625,89.07787017822265,24.83988955606983,38.598419732542744,46.274899771045426,31.3175672361901,0.1302709729074243,-351770500.0,-0.14280842689936077,-0.2932361967368575,0.4041942659464046
2020-10-02,89.0642395019531,88.92137794494629,22.89299854529717,36.91435608338457,56.75695643747976,31.65648756371263,0.12648429013245874,-377728900.0,-0.07881327304342975,0.05080805837265188,0.4707174366020548
2020-10-05,90.9467010498047,88.7593822479248,20.596159344311513,52.07285624984952,87.99000441085522,32.32792500582896,0.11663979097401177,-363857000.0,-0.06116694904442999,0.845105783453811,0.7037765962682664
2020-10-06,90.0100555419922,88.71432609558106,21.08548358224594,47.73247342483924,72.48099714721721,32.87789793448043,0.11533809730324573,-547509400.0,-0.05050157940244622,0.5065330407569093,0.624963996704134
2020-10-07,91.5803298950195,88.70456466674804,22.996745770042736,55.96162269505696,89.05063198928423,33.34491829326262,0.11483884549464352,-407826900.0,-0.046773239750005004,1.1292201857668132,0.7678348955935798
2020-10-08,93.4627990722656,88.83623809814453,25.134978868124193,61.25505120786698,98.76979337198479,32.74929001293335,0.1222750765218105,-515491900.0,0.028929432929942992,1.703688448587546,0.9391107385482337
2020-10-09,92.9301910400391,88.88487167358399,28.300704809682323,70.11058902782237,92.1349034691364,31.941856628232372,0.12506274315157953,-488073000.0,0.00658544317466032,1.455650134503597,0.8906515707771768
2020-10-12,94.0688629150391,88.9267505645752,31.41333084484648,76.52829220440651,95.50569112930258,31.2213935886232,0.12817936136681649,-389799000.0,0.025409368565646167,1.8044756501119106,0.9550569112930257
2020-10-13,92.5445175170898,89.0375316619873,34.25019955274196,75.8864462627628,80.75731602262516,31.471889692575473,0.13223724679044369,-370388300.0,0.04761206649890396,1.1914260601317361,0.8075731602262516
2020-10-14,92.0302810668945,89.1034942626953,35.185506739718626,73.82033278468377,75.39907077471078,31.341328728072597,0.13443337278794237,-344484400.0,0.021841830977251675,0.9773480466418031,0.7634098216487605
2020-10-15,93.4077072143555,89.29018859863281,34.622679829880006,74.81514508875537,84.6268756192476,31.10004916102579,0.14054611471646994,-532853200.0,0.06666011885822806,1.312420417040594,0.8817050869740913
2020-10-16,93.2148590087891,89.47679481506347,32.07299023198855,69.60505255148968,82.47453642815006,30.630665596768498,0.14538480010796867,-381696200.0,0.07386145329668457,1.1494162275148234,0.8651430159788213
2020-10-19,91.6446151733398,89.7231834411621,29.826853700372276,65.84692213918251,62.018079137069805,29.90520576523441,0.14356248748550202,-434529900.0,0.01984172568873266,0.5966770049911181,0.730288300550094
2020-10-20,92.1680297851563,90.04305458068848,25.830069330265758,65.13847805837025,68.34834603545835,29.564336570076474,0.13896172276598476,-423272800.0,0.019708612308266822,0.679310690306382,0.7752398723596758
2020-10-21,91.2497329711914,90.3866138458252,22.92556230262762,59.8128641992309,57.242305445258744,28.6958337140817,0.12622703505915642,-557327300.0,0.04800748811597121,0.30260369962705097,0.6963752701045048
2020-10-22,94.4729080200195,90.89497108459473,21.24807758904873,65.20389312312403,93.71726053454228,29.767150462652026,0.11528858449804855,-378058100.0,0.09570252789138162,1.3657352221463785,0.9705271652761447
2020-10-23,95.3269271850586,91.4091812133789,21.887541865843648,63.06853386130226,90.77811980490243,30.459368871501006,0.10600725337380605,-404078500.0,0.07129870895312371,1.6172265519930922,0.9417509062510366
2020-10-26,92.966926574707,91.68301773071289,22.080374227657753,58.13130073369102,44.463496902315434,30.871273388085886,0.09897987771233059,-498705200.0,0.037125002201685166,0.5659243350885883,0.7078427771739885
2020-10-27,91.2130126953125,91.90600700378418,20.242287470316352,48.99998961459781,5.360457432682582,31.56420958831423,0.08587497560391293,-509096900.0,0.00042363351851314564,-0.35121991584049483,0.49971872400753353
2020-10-28,88.6510009765625,121.276475906372,36.07660850463266,17.964988636953564,1.0782660842351377,102.29255676623447,0.3648198298233059,-514429700.0,-0.11683611860726796,-2.949591198919712,0.00985161031125429
2020-10-29,89.2295074462891,119.35385742187493,40.35203266895566,19.339069492225107,4.345024575815791,93.4993388750919,0.4343218459288084,-343726800.0,-0.14732317700260378,-2.3244999528084063,0.03976260349005776
2020-10-30,90.028434753418,117.37083473205557,44.11874384294494,20.76933020936376,6.303715107260112,84.96673983629648,0.4839777048928278,-432861700.0,-0.11433206113073598,-1.9253561407096607,0.057687159174976604
2020-11-02,92.0578155517578,115.48326835632318,46.709449478722014,23.763135869060378,11.279047554823837,77.90273689149775,0.5165608875102903,-261356000.0,-0.11835681819556823,-1.5707511977347721,0.10321789620344356
2020-11-03,94.9595947265625,113.70287055969231,47.010852558091564,27.94089496883622,18.393195917655213,73.8694504122258,0.5322773758922058,-400367500.0,-0.12698909121684798,-1.2387853238977145,0.172253401680255
2020-11-04,92.0578155517578,111.8943828582763,45.697998495736776,26.894383739611172,11.279047554823837,71.63605165894892,0.5521120782791412,-367089300.0,-0.11259691591228323,-1.2843724405602743,0.10780377203444154
2020-11-05,95.8227767944336,110.30189056396478,44.8225072818186,32.59942368160209,20.50941666535695,70.04155405573175,0.5576491039566585,-349251900.0,-0.014992204458810903,-0.941581695031686,0.2050941666535695
2020-11-06,94.5463714599609,92.44029235839844,20.86485592686312,54.587291777031986,78.29617038851087,41.7136063805517,0.0824395916983386,-518298800.0,-0.11065146118057574,1.1054459871514137,0.7829617038851088
2020-11-09,107.347236633301,107.87348060607906,38.69305074003041,42.2406087512671,48.76336438372955,74.73334970671013,0.5513673429444429,-314012300.0,0.09363855086877626,-0.03539088270323843,0.4876336438372955
2020-11-10,106.99828338623,107.03630599975584,36.128781941513715,41.36271694124235,47.907852981308004,80.56480399553148,0.5387689098857664,-230222200.0,0.09432982745213056,-0.002637353335702583,0.47907852981308
2020-11-11,105.40047454834,106.19646835327148,33.80765894451067,37.466795501960156,43.9905841460743,74.57486136072339,0.5270345096244319,-348995000.0,0.05986807728033957,-0.056887985064181086,0.43990584146074296
2020-11-12,104.105697631836,105.3168640136719,31.173975802168336,35.57416347117204,40.81624367221699,69.35759850228195,0.5140937892592446,-318893300.0,0.10775839834928423,-0.08947949471850163,0.4081624367221699
2020-11-13,104.757659912109,104.64188804626465,28.151019191154745,33.5315332772452,79.62798590872082,63.490779319736056,0.5048129425526162,-307045400.0,0.13373802046187422,0.008766514915436334,0.4241462732218726
2020-11-16,107.714538574219,96.50598640441893,37.14791764416571,72.62652891282417,93.23748488278666,49.77658366934346,0.2722354362856404,-495845600.0,0.0864678282059086,1.7065169218439267,0.9323748488278666
2020-11-17,106.621788024902,103.39147872924802,26.10839999401703,75.67568156781657,88.20792865837694,58.24593409160786,0.4752022596994692,-301740000.0,0.2090184186597523,0.2629909806990284,0.469848179407159
2020-11-18,105.832069396973,102.68883285522463,25.451241544404404,73.57853095958632,83.89941428206824,55.672919560741676,0.4560512478292089,-314311200.0,0.15760069342391186,0.2684727367547304,0.4504870387223008
2020-11-19,106.116737365723,101.81590385437013,25.365498634905872,73.18687819424537,84.1254845360358,52.986449710774345,0.42146081135440816,-460602800.0,0.1634386298305159,0.40090345815714074,0.4574661023995692
2020-11-20,105.207641601563,100.82676582336428,24.186206662603393,69.58427889088365,78.31751305498548,49.047113058151425,0.37179838396514375,-421157000.0,0.13377188784924565,0.4674526170709189,0.43517825155822776
2020-11-23,108.237976074219,99.8453216552735,23.634479510946136,69.70030235992901,94.84229676919784,46.9266404755754,0.29180820458747686,-303618400.0,0.13622433878905998,1.1522165609596464,0.9564668828045134
2020-11-24,113.242607116699,100.94680137634282,25.14940170748789,79.58454909429756,99.19999897028563,48.701709307546054,0.29939903043006677,-439990900.0,0.20894430256490243,1.627324011461639,0.9936305650673548
2020-11-25,112.058029174805,102.11715278625493,28.2870549478456,74.43344039869112,93.03650896930849,49.410672336705254,0.28873528957279704,-243047700.0,0.26109966853879923,1.3486091451119753,0.9479832790943324
2020-11-27,111.31421661377,103.221388244629,30.9979525289647,75.64609567702948,82.66161805477317,46.200477075566084,0.2713725203296167,-353360700.0,0.23621897709646014,1.1556458328443813,0.9163917008628842
2020-11-30,108.24715423584,104.13232421875009,47.96723753200513,51.960004307044365,50.87417797114057,41.34781501774322,0.2452716676197004,-524266600.0,0.16709536123505034,0.6444347409488362,0.78081151583863
2020-12-01,109.955146789551,105.02719078063971,30.34211690536367,56.08006009119282,67.13279064683707,44.353308467817605,0.22329620630587596,-250774200.0,0.10797327066462806,0.8405116155708258,0.846967532613579
2020-12-02,112.067207336426,105.88257141113293,29.404102824024,63.42457966668369,87.23778132999367,44.189941571395806,0.2105200008233878,-292127600.0,0.15358228129849125,1.1098295583784616,0.9405780456925781
2020-12-03,111.332580566406,106.84630966186532,29.0248596757968,64.88840478570548,77.26358499890978,42.237445926169144,0.1758102843964505,-409361400.0,0.17198210390280627,0.9553041911679329,0.899555641559692
2020-12-04,112.342674255371,107.6723045349122,41.54460136179096,65.39897852625191,88.32979879564007,38.21988162629099,0.152297390134166,-500107100.0,0.13024992017696976,1.139238842307775,0.945048909672503
2020-12-07,111.920288085938,108.54100036621105,29.284725914084053,59.517935826071216,83.70229175664751,37.96436626936476,0.10642292751691149,-301172600.0,0.17672485537952068,1.1701893467503215,0.8768067082502897
2020-12-08,112.030471801758,108.77516212463391,27.76776917909729,62.809959766443356,84.90942389647078,35.99245192690385,0.10922414293550156,-448074600.0,0.12874846250646757,1.0959832472434412,0.8688809079515856
2020-12-09,111.158103942871,108.98315315246596,26.89075184524499,62.56502153045079,75.3520834821066,34.99935629880894,0.10952604788276063,-408983800.0,0.07901017409079247,0.7288407404005899,0.7858390287727001
2020-12-10,110.441841125488,109.23522148132335,26.52333813878153,60.00001411185523,65.67474850910227,33.984955573179434,0.10553461555398755,-266158100.0,0.11236911029881723,0.418670881509985,0.7176570001301806
2020-12-11,109.789863586426,109.51942977905284,24.395529084563634,60.72197358250069,50.3152008080114,32.31859458549877,0.09611272886620625,-276139700.0,0.10215143344795793,0.10276586729831824,0.6036214692953847
2020-12-14,108.632835388184,109.71318855285661,21.603586483430867,51.01271613775099,9.249627548066515,32.526162029186096,0.08775198570954264,-444746200.0,0.06952751880831302,-0.4488590128899645,0.47686172858547976
2020-12-15,110.487770080566,109.85185012817396,20.723041548706217,41.573034232315266,46.11230278500555,33.25546268767269,0.08620003957317234,-379991300.0,0.08941869251626797,0.2686257257671186,0.6800815299675126
2020-12-16,110.809158325195,110.06121864318861,20.039627249631042,45.96674682645833,52.44121380125482,32.01166063690799,0.08194992555559437,-368821900.0,0.06707855478846249,0.33169863637116853,0.7152916403332616
2020-12-17,109.89087677002,110.26415901184096,19.84305620917965,45.4545188748565,34.358031395892354,30.359359063949675,0.073904913767263,-380439900.0,0.07438325465447049,-0.18322707007497535,0.6146881010163
2020-12-18,109.349090576172,110.42577667236341,19.268106980104967,54.19581618157615,18.689750642344556,29.250165938124084,0.06586434851403329,-357230000.0,0.03958144184719158,-0.5921452272762047,0.530286881970661
2020-12-21,113.453819274902,110.83808555603036,18.73806973907321,61.26561194909818,78.95505029596035,32.02987499389964,0.05392994593792429,-328906400.0,0.08154306651504582,1.7503887821475648,0.846235707348856
2020-12-22,111.727447509766,111.0125591278077,27.097441468960888,48.87811897435824,51.6691198027223,34.191296560357,0.04972187612238823,-549353400.0,0.0047858879429998925,0.5180582675574654,0.5394194680084126
2020-12-23,114.849586486816,111.09290809631356,30.47263543891543,60.031431663986886,82.75860862063662,35.589135625574635,0.05560850440479336,-534380200.0,-0.045744432003234366,2.4324081934384925,0.8342856334607527
2020-12-24,114.344535827637,111.20723342895516,30.952404012770394,55.879221290210346,76.21881749755778,36.83037822520882,0.06076790974470368,-486380400.0,-0.0760217103454243,1.8569877471807952,0.7714289115515712
2020-12-28,115.097518920898,111.39639854431157,35.16756689830045,59.153391611988276,84.6603258234673,35.40108037246621,0.06788975853726717,-321813700.0,-0.07025054954695442,1.9575721938529969,0.8524765848341954
2020-12-29,114.794502258301,111.72376594543462,39.270915578927024,57.87548590426813,80.7963593830725,33.61704112238584,0.06744704967641031,-330202900.0,-0.04711320374410617,1.6300239764286568,0.807963593830725
2020-12-30,115.115898132324,111.98180351257326,42.80900704334483,61.642389432808926,84.89469133836134,31.043727662400048,0.0705530171253787,-322804900.0,-0.004575089595734508,1.5867519725348027,0.8489469133836134
2020-12-31,116.686164855957,112.21275138854983,46.12386406053855,67.4897812302936,97.18001875311238,29.88224075208103,0.0793416168666314,-418554100.0,-0.012946836593978096,2.009813571629229,0.9718001875311238
2021-01-04,115.58422088623,112.42533340454099,49.744156316435244,65.83043951325723,79.58973647625234,30.73437751859964,0.08297299051680658,-383209300.0,-0.03967343061694745,1.3545443237711654,0.7958973647625234
2021-01-05,116.21314239502,112.61885681152344,52.96630537848419,71.32509433071843,86.3909313088919,31.466841694154397,0.08785323092697664,-369478100.0,-0.003444191885162371,1.4531274936294982,0.8661424819339442
2021-01-06,121.670043945313,113.10634460449221,56.1782347359573,76.15715103079572,92.0498641455024,35.89024893793466,0.11156658231721768,-240239600.0,0.017620661757007973,2.7145653826908034,0.9213131527066786
2021-01-07,125.665603637695,113.78810119628903,62.40896928681052,79.65435657400371,88.82768395104101,43.14432649364987,0.14628215970211653,-479122700.0,-0.035414021431830436,2.854282177569075,0.8891249807172105
2021-01-08,125.804328918457,114.52041244506833,64.45304088211608,82.78448582090097,89.54998227537759,45.016242344750935,0.16987394662818264,-258428800.0,0.021243565071934558,2.3201185364614685,0.8962931310172737
2021-01-11,127.68187713623,115.38241424560545,66.77487709466905,85.79845901773601,99.16557999036549,44.51304878446226,0.19220880790752087,-398985000.0,0.0652663336153019,2.2183661554640017,0.9928350909400622
2021-01-12,129.688888549805,116.37736549377439,69.17789303300178,84.53118716975845,93.11646946244173,45.23263338715472,0.21304480290016314,-224457400.0,0.04722349168329625,2.1475746759452115,0.9409702293476768
2021-01-13,129.809143066406,117.4361808776855,71.27920503049123,91.2791714361188,93.5100689538034,44.58993878350748,0.22418486231268134,-157475900.0,0.1171102360790339,1.8798598555322006,0.9459481326633611
2021-01-14,130.56755065918,118.4401699066162,72.22292145755112,90.224114104397,92.12502326544261,43.30115768943223,0.2352465517000356,-138910300.0,0.08495930687467267,1.7410238335608796,0.9376126422437949
2021-01-15,128.227569580078,119.31109046936035,71.99660644865445,82.47809748799695,78.34568562909095,43.98950650206645,0.2362081664729003,-166791300.0,0.04276121125445117,1.2655452095690176,0.837714249701977
2021-01-19,127.672622680664,120.20017776489256,68.27941935296522,79.6934461421168,75.18441531360781,44.578397721325864,0.23033500069986831,-238799800.0,0.022265688725663525,1.079587051878825,0.8140224755707091
2021-01-20,125.758102416992,121.02062835693354,64.12265248544435,74.05734906954254,64.27829783763279,43.43588492473082,0.2164663078693787,-254828600.0,-0.008792465634334657,0.7233643862117376,0.6990126524834497
2021-01-21,124.703704833984,121.58312263488764,57.648024035061745,70.38277398658704,58.27189293042444,41.49878262738944,0.20908881160355716,-268240300.0,-0.05394405811242088,0.4910113493957825,0.6401557043918622
2021-01-22,123.741775512695,122.18383903503411,50.35445786541847,65.39783423026876,52.79223602596238,39.79487094694982,0.19480012524283608,-281173500.0,0.0025799834826758096,0.26182236351798227,0.5788433509674171
2021-01-25,122.197227478027,122.55122108459463,45.06510477315603,64.1583986984682,43.99367555469989,40.021514768099564,0.18630851292522715,-295386300.0,0.0027730188481647324,-0.062016187976256895,0.4701832198822315
2021-01-26,121.697784423828,122.91888351440419,42.329516522633575,61.80804516630557,24.882276155221707,39.394513910785754,0.17559295675345515,-515352900.0,-0.02410348229983545,-0.22630033686059586,0.4114858442403359
2021-01-27,118.257179260254,123.07686653137198,40.48075700480446,41.95378088532043,3.3116994144554277,39.45168633837324,0.1692464876395215,-532956800.0,-0.04602994799121292,-0.9255134949118863,0.21549082233121925
2021-01-28,120.338172912598,123.35405006408685,39.88409399988938,36.19358173182684,17.92192285947741,41.64343770689249,0.15881684235257315,-362700900.0,-0.03627240629538545,-0.6157772902962813,0.33403519958263767
2021-01-29,119.006340026855,123.54857215881341,37.49095489250938,33.40854820281298,8.571401280415367,42.873265109917604,0.15012504708766605,-429673700.0,-0.06768983599701787,-0.9795766609360747,0.25816697198591787
2021-02-01,119.884986877441,123.70851325988761,35.91242731609976,29.995168870300958,14.740198000129823,41.469524354579264,0.14384859684976004,-418593000.0,-0.07322541426712617,-0.859446534978822,0.3082193321213342
2021-02-02,123.575317382813,124.10806808471673,32.98457158437443,35.56133833819311,40.64924063884008,41.534186350771286,0.13025485243788043,-406339400.0,-0.03999240932878604,-0.13182266745187055,0.5184400269891348
2021-02-03,124.99040222168,124.54693107604973,30.46016143601405,39.275322452475166,50.584256858722455,41.99027873798528,0.1160771751275482,-291409200.0,-0.04633533483741792,0.12270026422365632,0.5058425685872245
2021-02-04,127.866859436035,124.85677185058584,29.77812094276552,44.50715450167013,76.22382554024279,41.393942870442515,0.1159718893314972,-226825000.0,-0.05871666376316172,0.8315230440175213,0.7077926446215033
